start_time,end_time,anomaly_count,duration
2017-01-23 03:10:00,2017-01-23 03:10:00,1,0 days 00:00:00
2017-01-23 03:30:00,2017-01-23 03:35:00,2,0 days 00:05:00
2017-01-23 04:05:00,2017-01-23 04:05:00,1,0 days 00:00:00
2017-01-23 04:25:00,2017-01-23 04:45:00,4,0 days 00:20:00
2017-01-23 05:15:00,2017-01-23 05:15:00,1,0 days 00:00:00
2017-01-23 06:55:00,2017-01-23 07:05:00,2,0 days 00:10:00
2017-01-23 14:20:00,2017-01-23 14:35:00,3,0 days 00:15:00
2017-01-23 14:55:00,2017-01-23 14:55:00,1,0 days 00:00:00
2017-03-21 06:40:00,2017-03-21 06:50:00,3,0 days 00:10:00
2017-03-21 15:05:00,2017-03-21 15:05:00,1,0 days 00:00:00
2017-03-21 17:25:00,2017-03-21 17:25:00,1,0 days 00:00:00
2017-03-21 17:55:00,2017-03-21 17:55:00,1,0 days 00:00:00
2017-03-21 21:10:00,2017-03-21 21:10:00,1,0 days 00:00:00
2017-03-22 10:40:00,2017-03-22 10:40:00,1,0 days 00:00:00
2017-03-22 21:35:00,2017-03-22 21:40:00,2,0 days 00:05:00
2017-03-23 06:25:00,2017-03-23 07:25:00,13,0 days 01:00:00
2017-03-23 08:20:00,2017-03-23 08:20:00,1,0 days 00:00:00
2017-03-24 20:45:00,2017-03-24 20:45:00,1,0 days 00:00:00
2017-03-25 00:55:00,2017-03-25 00:55:00,1,0 days 00:00:00
2017-03-25 02:25:00,2017-03-25 02:30:00,2,0 days 00:05:00
2017-03-25 03:15:00,2017-03-25 03:25:00,2,0 days 00:10:00
2017-03-25 09:45:00,2017-03-25 09:45:00,1,0 days 00:00:00
2017-03-30 22:05:00,2017-03-30 22:05:00,1,0 days 00:00:00
2017-03-30 22:35:00,2017-03-30 22:35:00,1,0 days 00:00:00
2017-04-05 18:55:00,2017-04-05 19:00:00,2,0 days 00:05:00
2017-04-06 10:10:00,2017-04-06 10:20:00,2,0 days 00:10:00
2017-04-07 00:50:00,2017-04-07 00:50:00,1,0 days 00:00:00
2017-05-19 01:00:00,2017-05-19 01:00:00,1,0 days 00:00:00
2017-05-19 01:15:00,2017-05-19 01:50:00,8,0 days 00:35:00
2017-05-19 02:45:00,2017-05-19 02:45:00,1,0 days 00:00:00
2017-05-19 03:00:00,2017-05-19 06:30:00,43,0 days 03:30:00
2017-05-19 10:55:00,2017-05-19 10:55:00,1,0 days 00:00:00
2017-05-19 15:05:00,2017-05-19 16:20:00,16,0 days 01:15:00
2017-05-19 20:10:00,2017-05-20 09:00:00,155,0 days 12:50:00
2017-05-30 06:40:00,2017-05-30 06:40:00,1,0 days 00:00:00
2017-05-30 20:35:00,2017-05-30 21:15:00,9,0 days 00:40:00
2017-05-31 17:45:00,2017-05-31 17:45:00,1,0 days 00:00:00
2017-05-31 18:40:00,2017-05-31 18:45:00,2,0 days 00:05:00
2017-05-31 20:35:00,2017-05-31 20:35:00,1,0 days 00:00:00
2017-05-31 21:05:00,2017-05-31 21:05:00,1,0 days 00:00:00
2017-05-31 21:20:00,2017-05-31 21:20:00,1,0 days 00:00:00
2017-05-31 22:10:00,2017-05-31 22:15:00,2,0 days 00:05:00
2017-06-09 01:30:00,2017-06-09 01:30:00,1,0 days 00:00:00
2017-06-09 02:15:00,2017-06-09 02:35:00,5,0 days 00:20:00
2017-06-09 02:50:00,2017-06-09 02:50:00,1,0 days 00:00:00
2017-06-12 12:35:00,2017-06-12 13:10:00,7,0 days 00:35:00
2017-06-14 03:55:00,2017-06-14 04:00:00,2,0 days 00:05:00
2017-06-14 05:00:00,2017-06-14 05:00:00,1,0 days 00:00:00
2017-06-14 05:40:00,2017-06-14 05:40:00,1,0 days 00:00:00
2017-06-14 11:35:00,2017-06-14 11:35:00,1,0 days 00:00:00
2017-07-20 09:20:00,2017-07-20 09:55:00,8,0 days 00:35:00
2017-07-20 12:10:00,2017-07-20 12:10:00,1,0 days 00:00:00
2017-07-20 13:10:00,2017-07-20 13:25:00,4,0 days 00:15:00
2017-07-31 05:35:00,2017-07-31 05:35:00,1,0 days 00:00:00
2017-07-31 06:30:00,2017-07-31 06:50:00,5,0 days 00:20:00
2017-07-31 07:45:00,2017-07-31 08:10:00,6,0 days 00:25:00
2017-07-31 10:45:00,2017-07-31 10:45:00,1,0 days 00:00:00
2017-07-31 15:05:00,2017-07-31 15:05:00,1,0 days 00:00:00
2017-07-31 15:25:00,2017-07-31 15:30:00,2,0 days 00:05:00
2017-09-09 05:15:00,2017-09-09 06:05:00,10,0 days 00:50:00
2017-09-09 07:55:00,2017-09-09 07:55:00,1,0 days 00:00:00
2017-09-09 11:55:00,2017-09-09 11:55:00,1,0 days 00:00:00
2017-09-09 12:45:00,2017-09-09 12:55:00,3,0 days 00:10:00
2017-09-13 05:50:00,2017-09-13 05:50:00,1,0 days 00:00:00
2017-09-13 14:50:00,2017-09-13 14:55:00,2,0 days 00:05:00
2017-09-13 17:50:00,2017-09-13 17:50:00,1,0 days 00:00:00
2017-09-13 23:10:00,2017-09-13 23:15:00,2,0 days 00:05:00
2017-09-14 02:55:00,2017-09-14 02:55:00,1,0 days 00:00:00
2017-09-17 17:25:00,2017-09-17 17:45:00,5,0 days 00:20:00
2017-09-17 18:20:00,2017-09-17 18:30:00,3,0 days 00:10:00
2017-09-17 18:50:00,2017-09-17 18:50:00,1,0 days 00:00:00
2017-09-19 02:30:00,2017-09-19 05:05:00,31,0 days 02:35:00
2017-09-19 06:40:00,2017-09-19 06:55:00,4,0 days 00:15:00
2017-09-19 12:10:00,2017-09-19 12:10:00,1,0 days 00:00:00
2017-09-19 12:30:00,2017-09-19 15:20:00,35,0 days 02:50:00
2017-09-19 18:10:00,2017-09-19 18:10:00,1,0 days 00:00:00
2017-09-19 19:05:00,2017-09-19 20:50:00,22,0 days 01:45:00
2017-09-20 01:10:00,2017-09-20 01:10:00,1,0 days 00:00:00
2017-09-20 01:25:00,2017-09-20 01:25:00,1,0 days 00:00:00
2017-09-20 03:45:00,2017-09-20 03:45:00,1,0 days 00:00:00
2017-10-18 18:05:00,2017-10-18 18:05:00,1,0 days 00:00:00
2017-10-19 05:15:00,2017-10-19 05:30:00,4,0 days 00:15:00
2017-10-19 06:20:00,2017-10-19 06:20:00,1,0 days 00:00:00
2017-10-19 07:10:00,2017-10-19 07:25:00,4,0 days 00:15:00
2017-10-20 04:25:00,2017-10-20 04:35:00,3,0 days 00:10:00
2017-10-20 14:05:00,2017-10-20 14:05:00,1,0 days 00:00:00
2017-10-27 14:00:00,2017-10-27 14:00:00,1,0 days 00:00:00
2017-10-27 14:15:00,2017-10-27 14:20:00,2,0 days 00:05:00
2017-10-27 15:10:00,2017-10-27 15:15:00,2,0 days 00:05:00
2017-10-27 18:10:00,2017-10-27 18:10:00,1,0 days 00:00:00
2017-10-31 22:50:00,2017-10-31 22:50:00,1,0 days 00:00:00
2017-10-31 23:05:00,2017-10-31 23:05:00,1,0 days 00:00:00
2017-11-01 19:35:00,2017-11-01 19:40:00,2,0 days 00:05:00
2017-11-27 22:40:00,2017-11-28 01:35:00,35,0 days 02:55:00
2017-11-28 11:35:00,2017-11-28 11:50:00,3,0 days 00:15:00
2017-11-28 16:15:00,2017-11-28 16:35:00,5,0 days 00:20:00
2017-11-28 18:20:00,2017-11-29 08:40:00,173,0 days 14:20:00
2017-12-05 02:55:00,2017-12-05 02:55:00,1,0 days 00:00:00
2017-12-05 05:40:00,2017-12-05 05:40:00,1,0 days 00:00:00
2017-12-08 20:55:00,2017-12-08 21:00:00,2,0 days 00:05:00
2017-12-12 22:25:00,2017-12-12 22:35:00,2,0 days 00:10:00
2017-12-12 23:30:00,2017-12-12 23:45:00,4,0 days 00:15:00
2017-12-25 07:05:00,2017-12-25 07:10:00,2,0 days 00:05:00
2017-12-25 08:20:00,2017-12-25 08:25:00,2,0 days 00:05:00
2018-01-16 18:45:00,2018-01-16 18:55:00,3,0 days 00:10:00
2018-02-01 13:25:00,2018-02-01 14:35:00,15,0 days 01:10:00
2018-02-01 14:50:00,2018-02-01 14:50:00,1,0 days 00:00:00
2018-02-01 16:05:00,2018-02-01 16:15:00,2,0 days 00:10:00
2018-02-01 16:50:00,2018-02-01 17:10:00,4,0 days 00:20:00
2018-02-01 17:25:00,2018-02-01 17:40:00,4,0 days 00:15:00
2018-02-01 17:55:00,2018-02-01 23:20:00,64,0 days 05:25:00
2018-02-01 23:45:00,2018-02-02 02:35:00,35,0 days 02:50:00
2018-02-02 08:40:00,2018-02-02 08:50:00,3,0 days 00:10:00
2018-02-11 14:40:00,2018-02-11 14:50:00,2,0 days 00:10:00
2018-02-15 22:35:00,2018-02-15 22:40:00,2,0 days 00:05:00
2018-02-15 23:10:00,2018-02-15 23:10:00,1,0 days 00:00:00
2018-02-16 08:35:00,2018-02-16 08:35:00,1,0 days 00:00:00
2018-02-16 10:45:00,2018-02-16 10:45:00,1,0 days 00:00:00
2018-02-17 09:25:00,2018-02-17 09:40:00,4,0 days 00:15:00
2018-02-17 10:10:00,2018-02-17 10:30:00,5,0 days 00:20:00
2018-02-17 22:40:00,2018-02-17 22:40:00,1,0 days 00:00:00
2018-02-19 21:45:00,2018-02-19 21:50:00,2,0 days 00:05:00
2018-02-19 22:10:00,2018-02-19 22:10:00,1,0 days 00:00:00
2018-02-19 22:25:00,2018-02-19 22:25:00,1,0 days 00:00:00
2018-02-19 23:20:00,2018-02-19 23:25:00,2,0 days 00:05:00
2018-02-24 09:15:00,2018-02-24 09:50:00,6,0 days 00:35:00
2018-02-26 07:20:00,2018-02-26 09:50:00,31,0 days 02:30:00
2018-02-26 10:55:00,2018-02-26 13:45:00,35,0 days 02:50:00
2018-02-26 14:05:00,2018-02-26 14:05:00,1,0 days 00:00:00
2018-02-26 14:25:00,2018-02-26 14:45:00,5,0 days 00:20:00
2018-02-26 16:00:00,2018-02-26 16:00:00,1,0 days 00:00:00
2018-02-26 18:05:00,2018-02-26 18:15:00,3,0 days 00:10:00
2018-02-26 18:30:00,2018-02-26 18:45:00,3,0 days 00:15:00
2018-02-28 19:15:00,2018-02-28 19:15:00,1,0 days 00:00:00
2018-03-07 19:45:00,2018-03-07 19:45:00,1,0 days 00:00:00
2018-03-07 20:00:00,2018-03-07 20:00:00,1,0 days 00:00:00
2018-03-11 13:00:00,2018-03-11 13:00:00,1,0 days 00:00:00
2018-03-13 02:35:00,2018-03-13 02:35:00,1,0 days 00:00:00
2018-04-01 16:40:00,2018-04-01 16:40:00,1,0 days 00:00:00
2018-04-01 19:25:00,2018-04-01 19:25:00,1,0 days 00:00:00
2018-04-01 22:20:00,2018-04-01 22:25:00,2,0 days 00:05:00
2018-04-02 08:10:00,2018-04-02 08:35:00,6,0 days 00:25:00
2018-04-02 11:55:00,2018-04-02 12:10:00,3,0 days 00:15:00
2018-04-02 12:35:00,2018-04-02 12:35:00,1,0 days 00:00:00
2018-04-02 15:45:00,2018-04-02 15:45:00,1,0 days 00:00:00
2018-04-02 17:40:00,2018-04-02 17:40:00,1,0 days 00:00:00
2018-04-02 19:50:00,2018-04-02 19:50:00,1,0 days 00:00:00
2018-04-04 03:30:00,2018-04-04 03:35:00,2,0 days 00:05:00
2018-04-14 11:45:00,2018-04-14 11:45:00,1,0 days 00:00:00
2018-04-28 12:05:00,2018-04-28 12:20:00,4,0 days 00:15:00
2018-04-28 12:35:00,2018-04-28 12:35:00,1,0 days 00:00:00
2018-04-28 13:25:00,2018-04-28 13:50:00,6,0 days 00:25:00
2018-04-29 05:00:00,2018-04-29 05:15:00,4,0 days 00:15:00
2018-04-29 05:30:00,2018-04-29 05:45:00,4,0 days 00:15:00
2018-04-29 07:40:00,2018-04-29 07:40:00,1,0 days 00:00:00
2018-04-29 10:10:00,2018-04-29 10:20:00,3,0 days 00:10:00
2018-04-29 15:40:00,2018-04-29 15:40:00,1,0 days 00:00:00
2018-04-29 16:25:00,2018-04-29 16:40:00,4,0 days 00:15:00
2018-04-29 18:25:00,2018-04-29 18:25:00,1,0 days 00:00:00
2018-04-30 01:25:00,2018-04-30 09:40:00,97,0 days 08:15:00
2018-04-30 11:55:00,2018-04-30 12:00:00,2,0 days 00:05:00
2018-04-30 12:50:00,2018-04-30 12:50:00,1,0 days 00:00:00
2018-05-01 00:50:00,2018-05-01 00:50:00,1,0 days 00:00:00
2018-05-01 14:45:00,2018-05-01 14:55:00,3,0 days 00:10:00
2018-05-02 18:50:00,2018-05-02 18:50:00,1,0 days 00:00:00
2018-05-07 19:25:00,2018-05-07 19:30:00,2,0 days 00:05:00
2018-05-09 12:10:00,2018-05-09 13:45:00,18,0 days 01:35:00
2018-05-10 11:15:00,2018-05-10 11:15:00,1,0 days 00:00:00
2018-05-10 11:40:00,2018-05-10 11:40:00,1,0 days 00:00:00
2018-05-16 12:00:00,2018-05-16 12:10:00,3,0 days 00:10:00
2018-05-16 15:30:00,2018-05-16 15:50:00,5,0 days 00:20:00
2018-05-16 17:05:00,2018-05-16 17:05:00,1,0 days 00:00:00
2018-05-16 21:20:00,2018-05-16 21:40:00,5,0 days 00:20:00
2018-05-19 13:30:00,2018-05-19 13:30:00,1,0 days 00:00:00
2018-05-23 22:05:00,2018-05-23 22:30:00,6,0 days 00:25:00
2018-06-01 00:25:00,2018-06-01 00:25:00,1,0 days 00:00:00
2018-06-05 12:00:00,2018-06-05 14:10:00,24,0 days 02:10:00
2018-06-05 14:35:00,2018-06-05 14:35:00,1,0 days 00:00:00
2018-06-05 14:55:00,2018-06-05 15:10:00,4,0 days 00:15:00
2018-06-05 17:10:00,2018-06-05 20:10:00,37,0 days 03:00:00
2018-06-05 21:15:00,2018-06-05 21:30:00,4,0 days 00:15:00
2018-06-05 22:25:00,2018-06-05 22:30:00,2,0 days 00:05:00
2018-06-05 23:05:00,2018-06-06 01:40:00,32,0 days 02:35:00
2018-06-07 05:10:00,2018-06-07 05:25:00,4,0 days 00:15:00
2018-06-10 15:10:00,2018-06-10 15:10:00,1,0 days 00:00:00
2018-06-18 05:40:00,2018-06-18 05:40:00,1,0 days 00:00:00
2018-06-19 18:45:00,2018-06-19 18:50:00,2,0 days 00:05:00
2018-06-21 00:40:00,2018-06-21 00:40:00,1,0 days 00:00:00
2018-06-21 02:50:00,2018-06-21 02:50:00,1,0 days 00:00:00
2018-06-21 17:00:00,2018-06-21 17:15:00,3,0 days 00:15:00
2018-06-24 21:25:00,2018-06-24 21:25:00,1,0 days 00:00:00
2018-06-27 15:20:00,2018-06-27 15:45:00,6,0 days 00:25:00
2018-06-27 16:05:00,2018-06-27 16:10:00,2,0 days 00:05:00
2018-06-28 09:30:00,2018-06-28 09:30:00,1,0 days 00:00:00
2018-06-28 10:45:00,2018-06-28 10:45:00,1,0 days 00:00:00
2018-06-28 11:00:00,2018-06-28 11:10:00,3,0 days 00:10:00
2018-07-05 00:30:00,2018-07-05 00:35:00,2,0 days 00:05:00
2018-07-05 03:15:00,2018-07-05 03:25:00,2,0 days 00:10:00
2018-07-05 03:40:00,2018-07-05 04:40:00,12,0 days 01:00:00
2018-07-05 08:20:00,2018-07-05 20:15:00,144,0 days 11:55:00
2018-07-06 02:45:00,2018-07-06 02:50:00,2,0 days 00:05:00
2018-07-06 03:05:00,2018-07-06 03:45:00,7,0 days 00:40:00
2018-07-06 04:25:00,2018-07-06 04:30:00,2,0 days 00:05:00
2018-07-06 05:05:00,2018-07-06 05:10:00,2,0 days 00:05:00
2018-07-09 09:10:00,2018-07-09 09:10:00,1,0 days 00:00:00
2018-07-09 17:00:00,2018-07-09 19:25:00,30,0 days 02:25:00
2018-07-09 20:05:00,2018-07-09 20:05:00,1,0 days 00:00:00
2018-07-09 20:30:00,2018-07-09 20:40:00,3,0 days 00:10:00
2018-07-09 20:55:00,2018-07-09 22:00:00,12,0 days 01:05:00
2018-07-10 07:10:00,2018-07-10 07:15:00,2,0 days 00:05:00
2018-07-10 12:40:00,2018-07-10 12:40:00,1,0 days 00:00:00
2018-07-10 13:20:00,2018-07-10 13:30:00,3,0 days 00:10:00
2018-07-10 14:05:00,2018-07-10 14:20:00,4,0 days 00:15:00
2018-07-10 15:30:00,2018-07-10 15:30:00,1,0 days 00:00:00
2018-07-13 22:30:00,2018-07-13 22:40:00,3,0 days 00:10:00
2018-07-13 23:10:00,2018-07-13 23:10:00,1,0 days 00:00:00
2018-07-13 23:40:00,2018-07-13 23:45:00,2,0 days 00:05:00
2018-07-14 01:35:00,2018-07-14 01:40:00,2,0 days 00:05:00
2018-07-15 01:45:00,2018-07-15 03:35:00,23,0 days 01:50:00
2018-07-15 05:10:00,2018-07-15 05:25:00,4,0 days 00:15:00
2018-07-15 05:40:00,2018-07-15 05:55:00,3,0 days 00:15:00
2018-07-30 01:40:00,2018-07-30 01:45:00,2,0 days 00:05:00
2018-08-01 00:05:00,2018-08-01 00:05:00,1,0 days 00:00:00
2018-08-21 12:15:00,2018-08-21 12:15:00,1,0 days 00:00:00
2018-08-22 18:45:00,2018-08-22 18:45:00,1,0 days 00:00:00
2018-08-23 15:40:00,2018-08-23 15:45:00,2,0 days 00:05:00
2018-08-29 02:20:00,2018-08-29 02:30:00,3,0 days 00:10:00
2018-08-29 07:55:00,2018-08-29 07:55:00,1,0 days 00:00:00
2018-08-29 08:35:00,2018-08-29 08:35:00,1,0 days 00:00:00
2018-08-29 17:45:00,2018-08-30 00:20:00,80,0 days 06:35:00
2018-09-02 18:00:00,2018-09-02 18:20:00,5,0 days 00:20:00
2018-09-02 22:25:00,2018-09-02 22:45:00,5,0 days 00:20:00
2018-09-15 08:40:00,2018-09-15 11:25:00,29,0 days 02:45:00
2018-09-15 12:30:00,2018-09-15 12:30:00,1,0 days 00:00:00
2018-09-16 01:45:00,2018-09-16 01:45:00,1,0 days 00:00:00
2018-09-16 03:30:00,2018-09-16 03:30:00,1,0 days 00:00:00
2018-09-16 11:40:00,2018-09-16 11:40:00,1,0 days 00:00:00
2018-09-16 15:15:00,2018-09-16 15:15:00,1,0 days 00:00:00
2018-09-16 20:45:00,2018-09-16 20:45:00,1,0 days 00:00:00
2018-09-17 00:50:00,2018-09-17 01:05:00,3,0 days 00:15:00
2018-09-17 07:05:00,2018-09-17 07:05:00,1,0 days 00:00:00
2018-09-17 15:20:00,2018-09-17 15:35:00,3,0 days 00:15:00
2018-09-17 16:35:00,2018-09-17 16:50:00,4,0 days 00:15:00
2018-09-25 23:35:00,2018-09-26 00:00:00,6,0 days 00:25:00
2018-09-26 01:45:00,2018-09-26 01:45:00,1,0 days 00:00:00
2018-09-26 02:30:00,2018-09-26 02:30:00,1,0 days 00:00:00
2018-09-26 03:25:00,2018-09-26 03:35:00,2,0 days 00:10:00
2018-09-26 04:40:00,2018-09-26 04:40:00,1,0 days 00:00:00
2018-09-26 05:35:00,2018-09-26 05:35:00,1,0 days 00:00:00
2018-09-26 06:05:00,2018-09-26 06:05:00,1,0 days 00:00:00
2018-09-26 08:20:00,2018-09-26 14:40:00,76,0 days 06:20:00
2018-09-26 17:15:00,2018-09-26 17:15:00,1,0 days 00:00:00
2018-10-16 23:30:00,2018-10-16 23:40:00,2,0 days 00:10:00
2018-10-17 00:00:00,2018-10-17 00:00:00,1,0 days 00:00:00
2018-10-17 00:20:00,2018-10-17 00:40:00,4,0 days 00:20:00
2018-10-17 01:00:00,2018-10-17 01:00:00,1,0 days 00:00:00
2018-10-17 02:20:00,2018-10-17 03:05:00,10,0 days 00:45:00
2018-10-17 04:05:00,2018-10-17 04:05:00,1,0 days 00:00:00
2018-10-18 09:35:00,2018-10-18 09:40:00,2,0 days 00:05:00
2018-10-18 09:55:00,2018-10-18 09:55:00,1,0 days 00:00:00
2018-10-18 10:20:00,2018-10-18 10:20:00,1,0 days 00:00:00
2018-10-18 11:15:00,2018-10-18 11:15:00,1,0 days 00:00:00
2018-10-18 19:25:00,2018-10-18 19:25:00,1,0 days 00:00:00
2018-10-23 12:05:00,2018-10-23 13:20:00,16,0 days 01:15:00
2018-10-23 15:20:00,2018-10-23 15:25:00,2,0 days 00:05:00
2018-10-23 15:50:00,2018-10-23 16:05:00,3,0 days 00:15:00
2018-10-26 11:15:00,2018-10-26 15:00:00,44,0 days 03:45:00
2018-10-26 16:20:00,2018-10-26 16:25:00,2,0 days 00:05:00
2018-11-04 00:00:00,2018-11-04 00:05:00,2,0 days 00:05:00
2018-11-04 00:20:00,2018-11-04 00:50:00,6,0 days 00:30:00
2018-11-04 14:45:00,2018-11-04 14:45:00,1,0 days 00:00:00
2018-11-04 16:40:00,2018-11-04 16:40:00,1,0 days 00:00:00
2018-11-04 17:05:00,2018-11-04 17:10:00,2,0 days 00:05:00
2018-11-04 18:35:00,2018-11-04 18:40:00,2,0 days 00:05:00
2018-11-04 19:15:00,2018-11-04 19:25:00,3,0 days 00:10:00
2018-11-04 20:30:00,2018-11-04 20:30:00,1,0 days 00:00:00
2018-11-05 11:10:00,2018-11-05 11:15:00,2,0 days 00:05:00
2018-11-13 14:40:00,2018-11-13 14:40:00,1,0 days 00:00:00
2018-11-27 06:30:00,2018-11-27 08:00:00,17,0 days 01:30:00
2018-11-27 08:50:00,2018-11-27 09:10:00,5,0 days 00:20:00
2018-11-28 06:20:00,2018-11-28 06:20:00,1,0 days 00:00:00
2018-11-30 00:40:00,2018-11-30 00:40:00,1,0 days 00:00:00
2018-11-30 01:50:00,2018-11-30 01:55:00,2,0 days 00:05:00
2018-12-06 08:00:00,2018-12-06 08:00:00,1,0 days 00:00:00
2018-12-06 15:15:00,2018-12-06 15:35:00,5,0 days 00:20:00
2018-12-06 16:25:00,2018-12-06 16:30:00,2,0 days 00:05:00
2018-12-06 16:45:00,2018-12-06 16:45:00,1,0 days 00:00:00
2018-12-06 20:05:00,2018-12-06 20:05:00,1,0 days 00:00:00
2018-12-06 20:20:00,2018-12-06 20:20:00,1,0 days 00:00:00
2018-12-07 05:30:00,2018-12-07 05:40:00,3,0 days 00:10:00
2018-12-07 05:55:00,2018-12-07 05:55:00,1,0 days 00:00:00
2018-12-09 14:50:00,2018-12-09 14:50:00,1,0 days 00:00:00
2018-12-09 20:45:00,2018-12-09 20:45:00,1,0 days 00:00:00
2018-12-09 21:50:00,2018-12-09 21:50:00,1,0 days 00:00:00
2018-12-10 19:30:00,2018-12-10 19:35:00,2,0 days 00:05:00
2018-12-13 16:45:00,2018-12-13 16:45:00,1,0 days 00:00:00
2018-12-13 17:05:00,2018-12-13 17:45:00,8,0 days 00:40:00
2018-12-22 10:25:00,2018-12-22 10:25:00,1,0 days 00:00:00
2019-01-03 07:05:00,2019-01-03 07:05:00,1,0 days 00:00:00
2019-01-03 07:55:00,2019-01-03 08:00:00,2,0 days 00:05:00
2019-01-03 08:35:00,2019-01-03 08:55:00,4,0 days 00:20:00
2019-01-12 03:50:00,2019-01-12 04:00:00,3,0 days 00:10:00
2019-01-12 04:15:00,2019-01-12 04:55:00,9,0 days 00:40:00
2019-01-12 05:20:00,2019-01-12 05:20:00,1,0 days 00:00:00
2019-01-18 12:05:00,2019-01-18 12:05:00,1,0 days 00:00:00
2019-02-01 10:35:00,2019-02-01 10:35:00,1,0 days 00:00:00
2019-02-01 12:25:00,2019-02-01 12:45:00,5,0 days 00:20:00
2019-02-11 16:15:00,2019-02-11 16:50:00,7,0 days 00:35:00
2019-02-11 17:05:00,2019-02-11 17:15:00,2,0 days 00:10:00
2019-02-11 18:05:00,2019-02-11 18:15:00,2,0 days 00:10:00
2019-02-11 18:40:00,2019-02-11 18:40:00,1,0 days 00:00:00
2019-02-25 16:30:00,2019-02-25 16:30:00,1,0 days 00:00:00
2019-03-09 10:10:00,2019-03-09 11:00:00,11,0 days 00:50:00
2019-03-10 00:00:00,2019-03-10 00:00:00,1,0 days 00:00:00
2019-03-17 14:00:00,2019-03-17 14:00:00,1,0 days 00:00:00
2019-03-17 15:55:00,2019-03-17 15:55:00,1,0 days 00:00:00
2019-03-17 20:05:00,2019-03-17 20:15:00,2,0 days 00:10:00
2019-03-18 01:25:00,2019-03-18 03:25:00,25,0 days 02:00:00
2019-03-18 03:45:00,2019-03-18 03:45:00,1,0 days 00:00:00
2019-03-18 04:25:00,2019-03-18 05:35:00,15,0 days 01:10:00
2019-03-18 06:10:00,2019-03-18 06:40:00,7,0 days 00:30:00
2019-03-18 13:15:00,2019-03-18 13:25:00,2,0 days 00:10:00
2019-03-18 15:35:00,2019-03-18 15:35:00,1,0 days 00:00:00
2019-04-07 16:05:00,2019-04-07 16:05:00,1,0 days 00:00:00
2019-04-14 19:50:00,2019-04-14 19:50:00,1,0 days 00:00:00
2019-04-15 11:35:00,2019-04-15 11:45:00,2,0 days 00:10:00
2019-04-15 12:10:00,2019-04-15 12:10:00,1,0 days 00:00:00
2019-04-15 12:40:00,2019-04-15 12:50:00,3,0 days 00:10:00
2019-04-15 21:25:00,2019-04-15 21:30:00,2,0 days 00:05:00
2019-04-16 04:35:00,2019-04-16 04:40:00,2,0 days 00:05:00
2019-04-21 07:20:00,2019-04-21 07:20:00,1,0 days 00:00:00
2019-04-21 07:45:00,2019-04-21 07:45:00,1,0 days 00:00:00
2019-04-29 12:20:00,2019-04-29 15:40:00,40,0 days 03:20:00
2019-04-29 15:55:00,2019-04-29 16:20:00,6,0 days 00:25:00
2019-04-29 16:45:00,2019-04-29 16:50:00,2,0 days 00:05:00
2019-04-29 17:05:00,2019-04-29 17:20:00,4,0 days 00:15:00
2019-04-30 04:00:00,2019-04-30 05:05:00,12,0 days 01:05:00
2019-04-30 06:25:00,2019-04-30 06:25:00,1,0 days 00:00:00
2019-04-30 11:25:00,2019-04-30 11:40:00,3,0 days 00:15:00
2019-04-30 12:00:00,2019-04-30 12:05:00,2,0 days 00:05:00
2019-05-05 07:55:00,2019-05-05 07:55:00,1,0 days 00:00:00
2019-05-05 14:55:00,2019-05-05 15:00:00,2,0 days 00:05:00
2019-05-05 21:30:00,2019-05-05 21:30:00,1,0 days 00:00:00
2019-05-06 00:40:00,2019-05-06 00:40:00,1,0 days 00:00:00
2019-05-06 00:55:00,2019-05-06 01:00:00,2,0 days 00:05:00
2019-05-13 17:30:00,2019-05-13 17:40:00,3,0 days 00:10:00
2019-05-14 01:00:00,2019-05-14 01:00:00,1,0 days 00:00:00
2019-05-14 03:15:00,2019-05-14 03:15:00,1,0 days 00:00:00
2019-05-14 09:00:00,2019-05-14 09:05:00,2,0 days 00:05:00
2019-06-03 02:35:00,2019-06-03 02:40:00,2,0 days 00:05:00
2019-06-03 03:00:00,2019-06-03 03:45:00,9,0 days 00:45:00
2019-06-03 04:00:00,2019-06-03 05:15:00,16,0 days 01:15:00
2019-06-03 16:10:00,2019-06-04 00:45:00,104,0 days 08:35:00
2019-06-04 02:00:00,2019-06-04 02:00:00,1,0 days 00:00:00
2019-06-04 02:25:00,2019-06-04 02:25:00,1,0 days 00:00:00
2019-06-04 06:55:00,2019-06-04 07:05:00,3,0 days 00:10:00
2019-06-04 08:45:00,2019-06-04 11:50:00,38,0 days 03:05:00
2019-06-21 04:40:00,2019-06-21 04:40:00,1,0 days 00:00:00
2019-06-21 17:50:00,2019-06-21 17:50:00,1,0 days 00:00:00
2019-06-21 18:15:00,2019-06-21 18:25:00,2,0 days 00:10:00
2019-06-21 18:55:00,2019-06-21 18:55:00,1,0 days 00:00:00
2019-06-22 01:30:00,2019-06-22 02:10:00,9,0 days 00:40:00
2019-06-22 07:15:00,2019-06-22 07:15:00,1,0 days 00:00:00
2019-06-22 08:55:00,2019-06-22 09:20:00,6,0 days 00:25:00
2019-06-30 22:35:00,2019-06-30 23:50:00,16,0 days 01:15:00
2019-07-01 01:15:00,2019-07-01 01:15:00,1,0 days 00:00:00
2019-07-01 01:35:00,2019-07-01 01:35:00,1,0 days 00:00:00
2019-07-18 23:35:00,2019-07-18 23:40:00,2,0 days 00:05:00
2019-08-01 17:05:00,2019-08-01 17:05:00,1,0 days 00:00:00
2019-08-01 19:00:00,2019-08-01 21:50:00,34,0 days 02:50:00
2019-08-02 10:25:00,2019-08-03 01:25:00,181,0 days 15:00:00
2019-08-03 01:45:00,2019-08-03 06:05:00,53,0 days 04:20:00
2019-08-03 06:40:00,2019-08-03 07:00:00,5,0 days 00:20:00
2019-08-03 08:35:00,2019-08-03 08:35:00,1,0 days 00:00:00
2019-08-03 09:20:00,2019-08-03 09:20:00,1,0 days 00:00:00
2019-08-14 00:10:00,2019-08-14 00:10:00,1,0 days 00:00:00
2019-08-14 10:15:00,2019-08-14 10:40:00,6,0 days 00:25:00
2019-08-14 11:20:00,2019-08-14 11:20:00,1,0 days 00:00:00
2019-08-14 11:35:00,2019-08-14 11:35:00,1,0 days 00:00:00
2019-08-17 09:00:00,2019-08-17 11:30:00,30,0 days 02:30:00
2019-08-17 11:50:00,2019-08-17 12:05:00,3,0 days 00:15:00
2019-08-31 04:40:00,2019-08-31 04:40:00,1,0 days 00:00:00
2019-09-14 23:25:00,2019-09-14 23:25:00,1,0 days 00:00:00
2019-09-15 08:55:00,2019-09-15 09:55:00,13,0 days 01:00:00
2019-09-15 11:35:00,2019-09-15 14:45:00,39,0 days 03:10:00
2019-09-16 19:25:00,2019-09-16 23:00:00,44,0 days 03:35:00
2019-09-17 00:55:00,2019-09-17 08:15:00,89,0 days 07:20:00
2019-09-22 14:00:00,2019-09-22 14:00:00,1,0 days 00:00:00
2019-10-02 03:40:00,2019-10-02 10:10:00,79,0 days 06:30:00
2019-10-24 06:25:00,2019-10-24 07:05:00,8,0 days 00:40:00
2019-10-24 07:25:00,2019-10-24 07:25:00,1,0 days 00:00:00
2019-10-24 20:45:00,2019-10-24 20:45:00,1,0 days 00:00:00
2019-10-24 22:05:00,2019-10-25 03:40:00,67,0 days 05:35:00
2019-10-25 04:55:00,2019-10-25 05:40:00,8,0 days 00:45:00
2019-10-25 06:00:00,2019-10-25 07:35:00,20,0 days 01:35:00
2019-10-25 11:40:00,2019-10-25 12:15:00,7,0 days 00:35:00
2019-10-25 12:45:00,2019-10-25 15:10:00,27,0 days 02:25:00
2019-10-25 16:10:00,2019-10-25 19:40:00,43,0 days 03:30:00
2019-10-25 19:55:00,2019-10-25 21:05:00,13,0 days 01:10:00
2019-10-25 21:20:00,2019-10-26 00:10:00,35,0 days 02:50:00
2019-10-26 05:55:00,2019-10-26 06:00:00,2,0 days 00:05:00
2019-10-26 07:55:00,2019-10-26 07:55:00,1,0 days 00:00:00
2019-10-26 08:20:00,2019-10-26 08:30:00,3,0 days 00:10:00
2019-10-26 08:55:00,2019-10-26 08:55:00,1,0 days 00:00:00
2019-10-26 09:25:00,2019-10-26 09:30:00,2,0 days 00:05:00
2019-10-26 12:10:00,2019-10-26 12:10:00,1,0 days 00:00:00
2019-10-26 14:05:00,2019-10-26 14:15:00,2,0 days 00:10:00
2019-10-26 15:45:00,2019-10-26 15:55:00,2,0 days 00:10:00
2019-10-26 16:25:00,2019-10-26 16:55:00,7,0 days 00:30:00
2019-10-26 17:25:00,2019-10-26 19:25:00,25,0 days 02:00:00
2019-10-26 20:20:00,2019-10-26 20:25:00,2,0 days 00:05:00
2019-10-26 22:55:00,2019-10-27 02:25:00,42,0 days 03:30:00
2019-10-27 03:00:00,2019-10-27 03:00:00,1,0 days 00:00:00
2019-10-27 03:15:00,2019-10-27 03:15:00,1,0 days 00:00:00
2019-10-27 03:30:00,2019-10-27 03:50:00,5,0 days 00:20:00
2019-10-27 04:45:00,2019-10-27 04:50:00,2,0 days 00:05:00
2019-10-27 07:45:00,2019-10-27 07:45:00,1,0 days 00:00:00
2019-10-29 11:30:00,2019-10-29 11:40:00,2,0 days 00:10:00
2019-11-08 16:35:00,2019-11-08 16:50:00,4,0 days 00:15:00
2019-11-08 19:20:00,2019-11-08 19:40:00,5,0 days 00:20:00
2019-11-20 16:25:00,2019-11-20 16:55:00,7,0 days 00:30:00
2019-11-29 12:10:00,2019-11-29 13:10:00,12,0 days 01:00:00
2019-11-29 13:25:00,2019-11-29 15:20:00,22,0 days 01:55:00
2019-11-29 15:50:00,2019-11-29 15:50:00,1,0 days 00:00:00
2019-11-29 16:55:00,2019-11-29 16:55:00,1,0 days 00:00:00
2019-11-29 17:10:00,2019-11-29 17:15:00,2,0 days 00:05:00
2019-12-23 12:40:00,2019-12-23 12:40:00,1,0 days 00:00:00
2019-12-23 21:25:00,2019-12-23 21:25:00,1,0 days 00:00:00
2019-12-23 21:55:00,2019-12-23 23:30:00,20,0 days 01:35:00
2019-12-23 23:50:00,2019-12-24 00:25:00,8,0 days 00:35:00
2019-12-24 02:05:00,2019-12-24 02:05:00,1,0 days 00:00:00
2019-12-24 02:30:00,2019-12-24 04:10:00,21,0 days 01:40:00
2019-12-24 04:25:00,2019-12-24 04:35:00,2,0 days 00:10:00
2019-12-24 04:50:00,2019-12-24 04:55:00,2,0 days 00:05:00
2019-12-24 06:35:00,2019-12-24 07:20:00,9,0 days 00:45:00
2019-12-24 07:45:00,2019-12-24 07:50:00,2,0 days 00:05:00
2019-12-24 08:50:00,2019-12-24 08:50:00,1,0 days 00:00:00
2019-12-24 11:05:00,2019-12-24 11:05:00,1,0 days 00:00:00
2019-12-24 17:40:00,2019-12-24 18:00:00,4,0 days 00:20:00
2019-12-24 18:15:00,2019-12-24 18:25:00,3,0 days 00:10:00
2019-12-24 18:40:00,2019-12-24 23:10:00,55,0 days 04:30:00
2019-12-25 03:35:00,2019-12-25 05:00:00,13,0 days 01:25:00
2020-01-29 03:10:00,2020-01-29 03:20:00,3,0 days 00:10:00
2020-02-22 06:00:00,2020-02-22 06:30:00,5,0 days 00:30:00
2020-02-22 06:45:00,2020-02-22 06:50:00,2,0 days 00:05:00
2020-02-22 07:05:00,2020-02-22 07:10:00,2,0 days 00:05:00
2020-02-22 07:25:00,2020-02-22 07:25:00,1,0 days 00:00:00
2020-02-22 07:45:00,2020-02-22 07:55:00,2,0 days 00:10:00
2020-02-22 08:10:00,2020-02-22 08:10:00,1,0 days 00:00:00
2020-02-23 09:10:00,2020-02-23 09:10:00,1,0 days 00:00:00
2020-02-23 09:45:00,2020-02-23 09:55:00,3,0 days 00:10:00
2020-02-23 10:15:00,2020-02-23 10:25:00,2,0 days 00:10:00
2020-03-22 20:00:00,2020-03-22 20:35:00,6,0 days 00:35:00
2020-03-22 20:50:00,2020-03-23 01:30:00,56,0 days 04:40:00
2020-03-23 09:35:00,2020-03-23 09:50:00,4,0 days 00:15:00
2020-04-30 23:25:00,2020-05-01 00:05:00,5,0 days 00:40:00
2020-05-01 00:30:00,2020-05-01 00:40:00,2,0 days 00:10:00
2020-05-01 03:50:00,2020-05-01 03:50:00,1,0 days 00:00:00
2020-05-01 04:45:00,2020-05-01 04:45:00,1,0 days 00:00:00
2020-05-01 08:30:00,2020-05-01 08:30:00,1,0 days 00:00:00
2020-05-01 10:00:00,2020-05-01 10:50:00,11,0 days 00:50:00
2020-05-01 12:20:00,2020-05-01 12:25:00,2,0 days 00:05:00
2020-05-01 12:50:00,2020-05-01 16:40:00,45,0 days 03:50:00
2020-05-01 21:05:00,2020-05-01 21:30:00,5,0 days 00:25:00
2020-05-01 22:10:00,2020-05-02 00:15:00,26,0 days 02:05:00
2020-05-02 11:05:00,2020-05-02 11:50:00,10,0 days 00:45:00
2020-05-02 12:40:00,2020-05-02 12:40:00,1,0 days 00:00:00
2020-05-02 13:10:00,2020-05-02 13:10:00,1,0 days 00:00:00
2020-05-17 10:45:00,2020-05-17 11:15:00,5,0 days 00:30:00
2020-05-17 11:45:00,2020-05-17 11:45:00,1,0 days 00:00:00
2020-05-17 12:05:00,2020-05-17 12:05:00,1,0 days 00:00:00
2020-05-17 20:35:00,2020-05-17 20:50:00,4,0 days 00:15:00
2020-05-28 01:45:00,2020-05-28 02:00:00,3,0 days 00:15:00
2020-07-17 15:05:00,2020-07-17 15:05:00,1,0 days 00:00:00
2020-07-17 16:45:00,2020-07-17 16:45:00,1,0 days 00:00:00
2020-07-19 05:25:00,2020-07-19 05:25:00,1,0 days 00:00:00
2020-07-26 06:50:00,2020-07-26 08:15:00,18,0 days 01:25:00
2020-07-26 08:30:00,2020-07-26 09:10:00,9,0 days 00:40:00
2020-07-26 09:25:00,2020-07-26 09:25:00,1,0 days 00:00:00
2020-07-26 10:20:00,2020-07-26 10:35:00,4,0 days 00:15:00
2020-07-26 10:50:00,2020-07-26 11:35:00,10,0 days 00:45:00
2020-07-30 10:05:00,2020-07-30 10:45:00,6,0 days 00:40:00
2020-07-30 11:10:00,2020-07-30 11:35:00,4,0 days 00:25:00
